<?xml version="1.0" encoding="UTF-8"?>
<!DOCTYPE log4j:configuration SYSTEM "log4j.dtd">

<!-- This is the configuration for LOG4J -->

<log4j:configuration xmlns:log4j="http://jakarta.apache.org/log4j/">

    <!-- writes log messages to the console. It outputs file name,
         method name and line number of the caller. This is slow,
         so just use it for debugging. -->
    <appender name="console" class="org.apache.log4j.ConsoleAppender">
      <layout class="org.apache.log4j.PatternLayout">
        <param name="ConversionPattern" value="%m\n"/>
      </layout>
    </appender>

    <!-- the following appenders write to files  -->
    <appender name="exist.core" class="org.apache.log4j.RollingFileAppender">
        <param name="File" value="baz-logs/core.log"/>
        <param name="MaximumFileSize" value="5000000"/>
        <param name="Encoding" value="UTF-8"/>
        <layout class="org.apache.log4j.PatternLayout">
            <param name="ConversionPattern" value="%d [%t] %-5p (%F [%M]:%L) - %m\n"/>
        </layout>
    </appender>

    <appender name="exist.xmldb" class="org.apache.log4j.RollingFileAppender">
        <param name="File" value="baz-logs/xmldb.log"/>
        <param name="MaximumFileSize" value="500000"/>
        <layout class="org.apache.log4j.PatternLayout">
            <param name="ConversionPattern" value="%d [%t] %-5p (%F [%M]:%L) - %m\n"/>
        </layout>
    </appender>
    
    <!-- LF5 appender. Using this appender in an appender-ref will
        pop up the LogFactor5 gui.
    -->
    <appender name="lf5" class="org.apache.log4j.lf5.LF5Appender">
        <param name="MaxNumberOfRecords" value="1000"/>
    </appender>

    <appender name="az" class="org.apache.log4j.RollingFileAppender">
        <param name="File" value="baz-logs/az.log"/>
        <param name="MaximumFileSize" value="5000000"/>
        <param name="Encoding" value="UTF-8"/>
        <layout class="org.apache.log4j.PatternLayout">
            <param name="ConversionPattern" value="%d %-5p (%F [%M]:%L) - %m\n"/>
        </layout>
    </appender>

    <appender name="main" class="org.apache.log4j.RollingFileAppender">
        <param name="File" value="baz-logs/main.log"/>
        <param name="MaximumFileSize" value="5000000"/>
        <param name="Encoding" value="UTF-8"/>
        <layout class="org.apache.log4j.PatternLayout">
            <param name="ConversionPattern" value="%d %-5p   %m\n"/>
        </layout>
    </appender>

    <appender name="dashboard" class="org.apache.log4j.RollingFileAppender">
        <param name="File" value="baz-logs/dashboard.log"/>
        <param name="MaximumFileSize" value="5000000"/>
        <param name="Encoding" value="UTF-8"/>
        <layout class="org.apache.log4j.PatternLayout">
            <param name="ConversionPattern" value="%d %-5p (%F [%M]:%L) - %m\n"/>
        </layout>
    </appender>

    <appender name="az.common" class="org.apache.log4j.RollingFileAppender">
        <param name="File" value="baz-logs/az-common.log"/>
        <param name="MaximumFileSize" value="5000000"/>
        <param name="Encoding" value="UTF-8"/>
        <layout class="org.apache.log4j.PatternLayout">
            <param name="ConversionPattern" value="%d %-5p (%F [%M]:%L) - %m\n"/>
        </layout>
    </appender>

    <appender name="expenses" class="org.apache.log4j.RollingFileAppender">
        <param name="File" value="baz-logs/expenses.log"/>
        <param name="MaximumFileSize" value="50000"/>
        <param name="Encoding" value="UTF-8"/>
        <layout class="org.apache.log4j.PatternLayout">
            <param name="ConversionPattern" value="%d{yyyy-MM-dd HH:mm:ss} - %-5p - %m\n"/>
        </layout>
    </appender>

    <category name="org.exist.xmldb" additivity="false">
        <priority value="warn"/>
        <!--appender-ref ref="console"/-->
        <appender-ref ref="exist.xmldb"/>
    </category>

    <category name="com.accountz.common" additivity="false">
        <priority value="warn"/>
        <!--appender-ref ref="console"/-->
        <!--appender-ref ref="lf5"/-->
        <appender-ref ref="az.common"/>
    </category>

    <category name="com.accountz.gui.dashboard" additivity="false">
        <priority value="all"/>
        <!--appender-ref ref="console"/-->
        <!--appender-ref ref="lf5"/-->
        <appender-ref ref="dashboard"/>
    </category>

    <category name="com.accountz" additivity="false">
        <priority value="all"/>
        <appender-ref ref="console"/>
        <!--appender-ref ref="lf5"/-->
        <appender-ref ref="main"/>
    </category>

    <category name="com.accountz.gui.customers.tabs" additivity="false">
        <priority value="debug"/>
        <!--appender-ref ref="console"/-->
        <!--appender-ref ref="lf5"/-->
        <appender-ref ref="az"/>
    </category>
    
    <category name="com.accountz.dao.backup" additivity="false">
        <priority value="debug"/>
        <appender-ref ref="console"/>
        <!--appender-ref ref="lf5"/
        <appender-ref ref="az"/>-->
    </category>

    <category name="com.accountz.telephony" additivity="false">
        <priority value="warn"/>
        <!-- appender-ref ref="console"/-->
        <!--appender-ref ref="lf5"/-->
        <appender-ref ref="az"/>
    </category>
    
    <category name="com.accountz.dao.mobile" additivity="false">
        <priority value="info"/>
        <appender-ref ref="expenses"/>
    </category>

    <root>
        <priority value="warn"/>
        <!--appender-ref ref="console"/-->
        <appender-ref ref="exist.core"/>
    </root>

  </log4j:configuration>
